repo_id,repo_name,repo_name,num_stars
28457823,FreeCodeCamp/FreeCodeCamp,FreeCodeCamp/FreeCodeCamp,177914
60493101,jwasham/google-interview-university,jwasham/google-interview-university,28727
11730342,vuejs/vue,vuejs/vue,27812
45717250,tensorflow/tensorflow,tensorflow/tensorflow,27451
13491895,vhf/free-programming-books,vhf/free-programming-books,26976
10270250,facebook/react,facebook/react,25386
14440270,getify/You-Dont-Know-JS,getify/You-Dont-Know-JS,24088
21737465,sindresorhus/awesome,sindresorhus/awesome,23996
18408635,chrislgarry/Apollo-11,chrislgarry/Apollo-11,23399
49970642,yarnpkg/yarn,yarnpkg/yarn,21192
29028775,facebook/react-native,facebook/react-native,19386
2126244,twbs/bootstrap,twbs/bootstrap,18879
6498492,airbnb/javascript,airbnb/javascript,18688
56717493,joshbuchea/HEAD,joshbuchea/HEAD,18244
63537249,facebookincubator/create-react-app,facebookincubator/create-react-app,17715
10744183,firehol/netdata,firehol/netdata,17630
291137,robbyrussell/oh-my-zsh,robbyrussell/oh-my-zsh,16927
60710553,FallibleInc/security-guide-for-developers,FallibleInc/security-guide-for-developers,15837
63266213,open-guides/og-aws,open-guides/og-aws,15504
1062897,github/gitignore,github/gitignore,14885
9384267,electron/electron,electron/electron,14780
51148780,googlesamples/android-architecture,googlesamples/android-architecture,14398
2325298,torvalds/linux,torvalds/linux,14040
1380117,getlantern/lantern,getlantern/lantern,13975
36535156,reactjs/redux,reactjs/redux,13732
27193779,nodejs/node,nodejs/node,13335
41881900,Microsoft/vscode,Microsoft/vscode,12991
24195339,angular/angular,angular/angular,12919
44838949,apple/swift,apple/swift,12899
50603846,ParsePlatform/parse-server,ParsePlatform/parse-server,12721
49009950,braydie/HowToBeAProgrammer,braydie/HowToBeAProgrammer,12530
7691631,docker/docker,docker/docker,12236
3228505,atom/atom,atom/atom,12201
3678731,webpack/webpack,webpack/webpack,11867
50264296,jgthms/bulma,jgthms/bulma,11434
21289110,vinta/awesome-python,vinta/awesome-python,11328
460078,angular/angular.js,angular/angular.js,11184
54346799,toddmotto/public-apis,toddmotto/public-apis,11158
23096959,golang/go,golang/go,11034
7508411,ReactiveX/RxJava,ReactiveX/RxJava,10983
2561582,daneden/animate.css,daneden/animate.css,10899
37958358,naptha/tesseract.js,naptha/tesseract.js,10856
51117837,tensorflow/models,tensorflow/models,10662
63488276,AHAAAAAAA/PokemonGo-Map,AHAAAAAAA/PokemonGo-Map,10445
47561138,loverajoel/jstips,loverajoel/jstips,10294
21872392,josephmisiti/awesome-machine-learning,josephmisiti/awesome-machine-learning,10256
53809090,juliangarnier/anime,juliangarnier/anime,10241
3470471,FortAwesome/Font-Awesome,FortAwesome/Font-Awesome,10234
26898879,caesar0301/awesome-public-datasets,caesar0301/awesome-public-datasets,10217
20929025,Microsoft/TypeScript,Microsoft/TypeScript,10136
23083156,callemall/material-ui,callemall/material-ui,10101
70431106,ZuzooVn/machine-learning-for-software-engineers,ZuzooVn/machine-learning-for-software-engineers,9716
53658802,alibaba/weex,alibaba/weex,9680
1039520,rg3/youtube-dl,rg3/youtube-dl,9635
943149,d3/d3,d3/d3,9563
23974149,Dogfalo/materialize,Dogfalo/materialize,9554
21700699,vsouza/awesome-ios,vsouza/awesome-ios,9522
892275,square/retrofit,square/retrofit,9511
36633370,Kickball/awesome-selfhosted,Kickball/awesome-selfhosted,9490
46918116,Microsoft/CNTK,Microsoft/CNTK,9474
39122628,git-tips/tips,git-tips/tips,9449
30969188,mxstbr/react-boilerplate,mxstbr/react-boilerplate,9388
9309093,Semantic-Org/Semantic-UI,Semantic-Org/Semantic-UI,9316
23088740,mzabriskie/axios,mzabriskie/axios,9245
29268051,google/material-design-lite,google/material-design-lite,9237
15653276,Trinea/android-open-project,Trinea/android-open-project,9115
58836534,parkjs814/AlgorithmVisualizer,parkjs814/AlgorithmVisualizer,9099
62367558,zeit/hyperterm,zeit/hyperterm,9086
38558578,jiahaog/nativefier,jiahaog/nativefier,9082
5152285,square/okhttp,square/okhttp,9081
50134307,DrkSephy/es6-cheatsheet,DrkSephy/es6-cheatsheet,9059
69798748,verekia/js-stack-from-scratch,verekia/js-stack-from-scratch,8928
41717707,jcjohnson/neural-style,jcjohnson/neural-style,8921
28428729,wasabeef/awesome-android-ui,wasabeef/awesome-android-ui,8910
19415064,open-source-society/computer-science,open-source-society/computer-science,8863
25315643,nylas/N1,nylas/N1,8834
44571718,vuejs/awesome-vue,vuejs/awesome-vue,8783
71583602,Developer-Y/cs-video-courses,Developer-Y/cs-video-courses,8736
28167802,weui/weui,weui/weui,8682
51648174,allenwong/30DaysofSwift,allenwong/30DaysofSwift,8662
1863329,laravel/laravel,laravel/laravel,8652
52113921,facebook/draft-js,facebook/draft-js,8610
21481439,racaljk/hosts,racaljk/hosts,8600
29887499,dkhamsing/open-source-ios-apps,dkhamsing/open-source-ios-apps,8596
53619303,fbsamples/f8app,fbsamples/f8app,8578
3955647,lodash/lodash,lodash/lodash,8573
29290473,XX-net/XX-Net,XX-net/XX-Net,8565
35955666,jlevy/the-art-of-command-line,jlevy/the-art-of-command-line,8548
70905478,songrotek/Deep-Learning-Papers-Reading-Roadmap,songrotek/Deep-Learning-Papers-Reading-Roadmap,8537
63539055,jaywcjlove/awesome-mac,jaywcjlove/awesome-mac,8520
8843683,chartjs/Chart.js,chartjs/Chart.js,8505
27442967,fastlane/fastlane,fastlane/fastlane,8477
557980,socketio/socket.io,socketio/socket.io,8474
14747598,typicode/json-server,typicode/json-server,8373
22458259,Alamofire/Alamofire,Alamofire/Alamofire,8307
35658863,puikinsh/gentelella,puikinsh/gentelella,8295
31168578,hemanth/functional-programming-jargon,hemanth/functional-programming-jargon,8294
20580498,kubernetes/kubernetes,kubernetes/kubernetes,8251
70275674,amattson21/gitjob,amattson21/gitjob,8190
14370955,sahat/hackathon-starter,sahat/hackathon-starter,8172
5483330,soimort/you-get,soimort/you-get,8128
32665718,shockone/black-screen,shockone/black-screen,8056
65678789,FormidableLabs/webpack-dashboard,FormidableLabs/webpack-dashboard,8037
34302698,serverless/serverless,serverless/serverless,8034
39464018,airbnb/caravel,airbnb/caravel,7919
12791642,BVLC/caffe,BVLC/caffe,7912
1334369,resume/resume.github.com,resume/resume.github.com,7912
10446890,Bilibili/ijkplayer,Bilibili/ijkplayer,7905
576201,mrdoob/three.js,mrdoob/three.js,7887
49020217,petehunt/react-howto,petehunt/react-howto,7821
23357588,google/protobuf,google/protobuf,7732
3544424,jkbrzt/httpie,jkbrzt/httpie,7666
63935685,gztchan/awesome-design,gztchan/awesome-design,7661
70107786,zeit/next.js,zeit/next.js,7659
58623321,Bilibili/flv.js,Bilibili/flv.js,7654
22362099,johnpapa/angular-styleguide,johnpapa/angular-styleguide,7620
64558143,Blankj/AndroidUtilCode,Blankj/AndroidUtilCode,7593
52287768,dthree/cash,dthree/cash,7553
167174,jquery/jquery,jquery/jquery,7525
34526884,ant-design/ant-design,ant-design/ant-design,7518
33614304,nvbn/thefuck,nvbn/thefuck,7463
14098069,justjavac/free-programming-books-zh_CN,justjavac/free-programming-books-zh_CN,7434
53228513,alexjc/neural-doodle,alexjc/neural-doodle,7415
14098121,aosabook/500lines,aosabook/500lines,7410
1828795,AFNetworking/AFNetworking,AFNetworking/AFNetworking,7405
24560307,babel/babel,babel/babel,7404
8575137,JakeWharton/butterknife,JakeWharton/butterknife,7402
45986162,aymericdamien/TensorFlow-Examples,aymericdamien/TensorFlow-Examples,7384
4311796,adam-p/markdown-here,adam-p/markdown-here,7336
20300177,google/guava,google/guava,7331
21540759,avelino/awesome-go,avelino/awesome-go,7325
16752620,gogits/gogs,gogits/gogs,7323
11167738,gulpjs/gulp,gulpjs/gulp,7302
14376285,matryer/bitbar,matryer/bitbar,7290
22790488,iluwatar/java-design-patterns,iluwatar/java-design-patterns,7259
33015583,fchollet/keras,fchollet/keras,7221
32948863,jondot/awesome-react-native,jondot/awesome-react-native,7200
612230,creationix/nvm,creationix/nvm,7189
50803610,Rochester-NRT/AlphaGo,Rochester-NRT/AlphaGo,7182
1861458,hakimel/reveal.js,hakimel/reveal.js,7177
843222,scikit-learn/scikit-learn,scikit-learn/scikit-learn,7172
10788737,codepath/android_guides,codepath/android_guides,7162
24953448,google/material-design-icons,google/material-design-icons,7159
237159,expressjs/express,expressjs/express,7144
12256376,driftyco/ionic,driftyco/ionic,7134
30161665,trueadm/inferno,trueadm/inferno,7114
54173593,kadirahq/react-storybook,kadirahq/react-storybook,7109
62615465,NamPNQ/You-Dont-Need-Javascript,NamPNQ/You-Dont-Need-Javascript,7082
26500787,tonsky/FiraCode,tonsky/FiraCode,7055
507775,elastic/elasticsearch,elastic/elasticsearch,7037
69629434,FreeCodeCampChina/freecodecamp.cn,FreeCodeCampChina/freecodecamp.cn,7022
3214406,meteor/meteor,meteor/meteor,6967
19148949,PhilJay/MPAndroidChart,PhilJay/MPAndroidChart,6946
46629305,NARKOZ/hacker-scripts,NARKOZ/hacker-scripts,6944
3122202,Reactive-Extensions/RxJS,Reactive-Extensions/RxJS,6888
55026106,huluoyang/freecodecamp.cn,huluoyang/freecodecamp.cn,6887
18840003,kriasoft/react-starter-kit,kriasoft/react-starter-kit,6857
11620669,thedillonb/CodeHub,thedillonb/CodeHub,6851
11267509,bumptech/glide,bumptech/glide,6832
11180687,spf13/hugo,spf13/hugo,6810
59480719,CRYTEK-CRYENGINE/CRYENGINE,CRYTEK-CRYENGINE/CRYENGINE,6766
49016322,angular/material2,angular/material2,6712
17375436,lukehoban/es6features,lukehoban/es6features,6702
9185792,ecomfe/echarts,ecomfe/echarts,6691
15428480,almasaeed2010/AdminLTE,almasaeed2010/AdminLTE,6673
3638964,ansible/ansible,ansible/ansible,6654
67481986,Tencent/tinker,Tencent/tinker,6643
3402537,h5bp/Front-end-Developer-Interview-Questions,h5bp/Front-end-Developer-Interview-Questions,6579
69662720,mxgmn/WaveFunctionCollapse,mxgmn/WaveFunctionCollapse,6574
67274736,ElemeFE/element,ElemeFE/element,6564
4164482,django/django,django/django,6541
50709152,kataras/iris,kataras/iris,6509
53639099,thejameskyle/the-super-tiny-compiler,thejameskyle/the-super-tiny-compiler,6501
22670857,enaqx/awesome-react,enaqx/awesome-react,6487
25136308,github/fetch,github/fetch,6461
48953775,shekhargulati/52-technologies-in-2016,shekhargulati/52-technologies-in-2016,6447
5923215,hexojs/hexo,hexojs/hexo,6415
63484632,facebookresearch/fastText,facebookresearch/fastText,6402
59114705,nosir/cleave.js,nosir/cleave.js,6401
529502,scrapy/scrapy,scrapy/scrapy,6399
8514,rails/rails,rails/rails,6391
34824499,square/leakcanary,square/leakcanary,6356
23095954,ReactiveX/RxAndroid,ReactiveX/RxAndroid,6355
50301368,p-e-w/maybe,p-e-w/maybe,6344
48175620,google/agera,google/agera,6341
29207621,mholt/caddy,mholt/caddy,6321
51728141,airyland/vux,airyland/vux,6320
72103891,ruanyf/jstraining,ruanyf/jstraining,6303
49086513,Microsoft/ChakraCore,Microsoft/ChakraCore,6302
1362490,kennethreitz/requests,kennethreitz/requests,6293
21413198,facebook/immutable-js,facebook/immutable-js,6266
65252,jekyll/jekyll,jekyll/jekyll,6259
43640830,ptmt/react-native-desktop,ptmt/react-native-desktop,6244
42283287,developit/preact,developit/preact,6220
15111821,grafana/grafana,grafana/grafana,6215
51994692,geeeeeeeeek/electronic-wechat,geeeeeeeeek/electronic-wechat,6213
61893399,brillout/awesome-react-components,brillout/awesome-react-components,6202
43568832,PerfectlySoft/Perfect,PerfectlySoft/Perfect,6126
6452529,rethinkdb/rethinkdb,rethinkdb/rethinkdb,6102
55584626,eliangcs/http-prompt,eliangcs/http-prompt,6097
32215970,mobxjs/mobx,mobxjs/mobx,6069
1700621,necolas/normalize.css,necolas/normalize.css,6055
36778364,attic-labs/noms,attic-labs/noms,6024
57167764,google/xi-editor,google/xi-editor,6022
49609581,PowerShell/PowerShell,PowerShell/PowerShell,5981
7212645,syl20bnr/spacemacs,syl20bnr/spacemacs,5957
36891867,angular/angular-cli,angular/angular-cli,5941
38003903,davezuko/react-redux-starter-kit,davezuko/react-redux-starter-kit,5939
55763295,akveo/blur-admin,akveo/blur-admin,5935
69739040,alexjc/neural-enhance,alexjc/neural-enhance,5904
45512989,xitu/gold-miner,xitu/gold-miner,5897
37931301,erikras/react-redux-universal-hot-example,erikras/react-redux-universal-hot-example,5853
21737266,sindresorhus/awesome-nodejs,sindresorhus/awesome-nodejs,5852
1424470,moment/moment,moment/moment,5848
11530283,VerbalExpressions/JSVerbalExpressions,VerbalExpressions/JSVerbalExpressions,5832
156018,antirez/redis,antirez/redis,5810
10187082,Unitech/pm2,Unitech/pm2,5795
60266911,googlecreativelab/anypixel,googlecreativelab/anypixel,5767
596892,pallets/flask,pallets/flask,5720
6296790,spring-projects/spring-boot,spring-projects/spring-boot,5719
45942274,airbnb/enzyme,airbnb/enzyme,5711
68068967,fogleman/primitive,fogleman/primitive,5710
48863418,coryhouse/react-slingshot,coryhouse/react-slingshot,5702
49760504,samshadwell/TrumpScript,samshadwell/TrumpScript,5696
39357088,Nickersoft/push.js,Nickersoft/push.js,5691
40997482,vim/vim,vim/vim,5683
52677592,jtoy/awesome-tensorflow,jtoy/awesome-tensorflow,5683
724712,rust-lang/rust,rust-lang/rust,5679
45091124,rethinkdb/horizon,rethinkdb/horizon,5659
50151075,markerikson/react-redux-links,markerikson/react-redux-links,5630
53991171,roughike/BottomBar,roughike/BottomBar,5628
49010787,mhinz/vim-galore,mhinz/vim-galore,5610
50447720,hollance/swift-algorithm-club,hollance/swift-algorithm-club,5610
53238813,Homebrew/brew,Homebrew/brew,5600
58034548,google/flexbox-layout,google/flexbox-layout,5600
5070389,greenrobot/EventBus,greenrobot/EventBus,5586
34864402,dmlc/mxnet,dmlc/mxnet,5571
22887094,tesseract-ocr/tesseract,tesseract-ocr/tesseract,5570
3112748,leereilly/games,leereilly/games,5553
62925253,rgcr/m-cli,rgcr/m-cli,5532
22374063,futurice/android-best-practices,futurice/android-best-practices,5524
41215439,CosmicMind/Material,CosmicMind/Material,5513
63912742,thejameskyle/itsy-bitsy-data-structures,thejameskyle/itsy-bitsy-data-structures,5500
34453060,sindresorhus/awesome-electron,sindresorhus/awesome-electron,5493
32726377,ruanyf/react-demos,ruanyf/react-demos,5492
42751014,zenorocha/clipboard.js,zenorocha/clipboard.js,5476
11551538,koajs/koa,koajs/koa,5469
63188650,Microsoft/api-guidelines,Microsoft/api-guidelines,5467
12972263,alvarotrigo/fullPage.js,alvarotrigo/fullPage.js,5463
19872456,reactjs/react-router,reactjs/react-router,5458
21648001,akullpp/awesome-java,akullpp/awesome-java,5450
943149,mbostock/d3,mbostock/d3,5445
53370988,GoogleChrome/lighthouse,GoogleChrome/lighthouse,5440
29891188,feross/standard,feross/standard,5427
47071941,yelouafi/redux-saga,yelouafi/redux-saga,5417
32262438,CatchChat/Yep,CatchChat/Yep,5400
35640229,rollup/rollup,rollup/rollup,5379
1999522,nlp-compromise/nlp_compromise,nlp-compromise/nlp_compromise,5355
46383222,JakeLin/IBAnimatable,JakeLin/IBAnimatable,5354
31829770,AngularClass/angular2-webpack-starter,AngularClass/angular2-webpack-starter,5345
35866694,RocketChat/Rocket.Chat,RocketChat/Rocket.Chat,5343
33390523,Freelander/Android_Data,Freelander/Android_Data,5341
21696302,matteocrippa/awesome-swift,matteocrippa/awesome-swift,5323
36205608,bang590/JSPatch,bang590/JSPatch,5314
51308720,IBM-Swift/Kitura,IBM-Swift/Kitura,5300
30444489,jbranchaud/til,jbranchaud/til,5289
20965586,SwiftyJSON/SwiftyJSON,SwiftyJSON/SwiftyJSON,5284
71939872,palantir/blueprint,palantir/blueprint,5275
55886798,CymChad/BaseRecyclerViewAdapterHelper,CymChad/BaseRecyclerViewAdapterHelper,5259
73007219,Kapeli/Dash-iOS,Kapeli/Dash-iOS,5257
16408992,neovim/neovim,neovim/neovim,5239
41654081,drduh/macOS-Security-and-Privacy-Guide,drduh/macOS-Security-and-Privacy-Guide,5215
59939691,yhatt/marp,yhatt/marp,5204
32866454,vurtun/nuklear,vurtun/nuklear,5202
36502,git/git,git/git,5198
4086616,shadowsocks/shadowsocks,shadowsocks/shadowsocks,5194
19141383,fouber/blog,fouber/blog,5194
13078968,postcss/postcss,postcss/postcss,5168
35969061,google/styleguide,google/styleguide,5153
9384267,atom/electron,atom/electron,5150
931135,Leaflet/Leaflet,Leaflet/Leaflet,5136
5271882,astaxie/build-web-application-with-golang,astaxie/build-web-application-with-golang,5107
30794868,Selz/plyr,Selz/plyr,5102
60152989,vic317yeh/One-Click-to-Be-Pro,vic317yeh/One-Click-to-Be-Pro,5102
17165658,apache/spark,apache/spark,5093
19620844,buunguyen/octotree,buunguyen/octotree,5054
5239185,quilljs/quill,quilljs/quill,5050
36040894,gatsbyjs/gatsby,gatsbyjs/gatsby,5047
3065454,impress/impress.js,impress/impress.js,5045
48894950,0x5e/wechat-deleted-friends,0x5e/wechat-deleted-friends,5043
9354478,ibireme/YYKit,ibireme/YYKit,5029
3100121,nwjs/nw.js,nwjs/nw.js,5023
33569135,ReactiveX/RxSwift,ReactiveX/RxSwift,5022
70036319,rushter/MLAlgorithms,rushter/MLAlgorithms,5014
29112049,HelloZeroNet/ZeroNet,HelloZeroNet/ZeroNet,4989
486550,h5bp/html5-boilerplate,h5bp/html5-boilerplate,4987
1844251,tastejs/todomvc,tastejs/todomvc,4978
68957920,justjavac/awesome-wechat-weapp,justjavac/awesome-wechat-weapp,4963
11570469,SnapKit/Masonry,SnapKit/Masonry,4947
53632140,zyedidia/micro,zyedidia/micro,4933
8681349,cantino/huginn,cantino/huginn,4929
53877810,facebook/fbctf,facebook/fbctf,4901
50447720,raywenderlich/swift-algorithm-club,raywenderlich/swift-algorithm-club,4897
313419,rs/SDWebImage,rs/SDWebImage,4867
3606624,ReactiveCocoa/ReactiveCocoa,ReactiveCocoa/ReactiveCocoa,4866
40511756,chmln/flatpickr,chmln/flatpickr,4854
48376164,Ramotion/folding-cell,Ramotion/folding-cell,4852
20106153,CoderMJLee/MJRefresh,CoderMJLee/MJRefresh,4852
47775741,milligram/milligram,milligram/milligram,4845
1148753,spring-projects/spring-framework,spring-projects/spring-framework,4836
7600409,shadowsocks/shadowsocks-windows,shadowsocks/shadowsocks-windows,4808
32538871,google/gson,google/gson,4788
2562751,zxing/zxing,zxing/zxing,4780
14807173,SamyPesse/How-to-Make-a-Computer-Operating-System,SamyPesse/How-to-Make-a-Computer-Operating-System,4777
38588153,xgrommx/awesome-redux,xgrommx/awesome-redux,4770
49668250,dear-github/dear-github,dear-github/dear-github,4755
698041,caolan/async,caolan/async,4755
68910198,gavinkwoe/weapp-ide-crack,gavinkwoe/weapp-ide-crack,4750
21931810,petehunt/webpack-howto,petehunt/webpack-howto,4743
1283503,request/request,request/request,4708
12719776,witheve/Eve,witheve/Eve,4693
4008931,StevenBlack/hosts,StevenBlack/hosts,4692
13584262,feross/webtorrent,feross/webtorrent,4687
20822291,ipader/SwiftGuide,ipader/SwiftGuide,4685
52210728,phodal/growth-ebook,phodal/growth-ebook,4684
54449566,amzn/alexa-avs-raspberry-pi,amzn/alexa-avs-raspberry-pi,4667
29261473,minio/minio,minio/minio,4667
46342224,TeamStuQ/skill-map,TeamStuQ/skill-map,4665
51649722,santinic/how2,santinic/how2,4658
47524979,guarinogabriel/mac-cli,guarinogabriel/mac-cli,4658
56897766,donnemartin/gitsome,donnemartin/gitsome,4649
36353527,typicode/hotel,typicode/hotel,4645
31865176,lgvalle/Material-Animations,lgvalle/Material-Animations,4636
47099511,jlevy/og-equity-compensation,jlevy/og-equity-compensation,4615
23112526,android10/Android-CleanArchitecture,android10/Android-CleanArchitecture,4611
62367558,zeit/hyper,zeit/hyper,4606
59243976,decosoftware/deco-ide,decosoftware/deco-ide,4592
47018239,MaximAbramchuck/awesome-interview-questions,MaximAbramchuck/awesome-interview-questions,4587
1200050,ariya/phantomjs,ariya/phantomjs,4567
40380094,rasbt/python-machine-learning-book,rasbt/python-machine-learning-book,4545
11177928,karan/Projects,karan/Projects,4543
55147386,tflearn/tflearn,tflearn/tflearn,4539
27729880,grpc/grpc,grpc/grpc,4502
57222302,openai/gym,openai/gym,4501
30347133,ericelliott/essential-javascript-links,ericelliott/essential-javascript-links,4483
31533997,facebook/fresco,facebook/fresco,4480
49068243,Yalantis/uCrop,Yalantis/uCrop,4459
39176269,vuejs/vuex,vuejs/vuex,4459
20541795,SnapKit/SnapKit,SnapKit/SnapKit,4428
41766002,ampproject/amphtml,ampproject/amphtml,4419
63752974,PokemonGoF/PokemonGo-Bot,PokemonGoF/PokemonGo-Bot,4410
32578467,danielgindi/Charts,danielgindi/Charts,4407
40345658,recharts/recharts,recharts/recharts,4407
26783295,Mashape/kong,Mashape/kong,4391
33791743,x64dbg/x64dbg,x64dbg/x64dbg,4375
48301282,apex/apex,apex/apex,4373
42408804,containous/traefik,containous/traefik,4358
63571529,JackyAndroid/AndroidInterview-Q-A,JackyAndroid/AndroidInterview-Q-A,4358
27382163,iissnan/hexo-theme-next,iissnan/hexo-theme-next,4355
55076063,Hack-with-Github/Awesome-Hacking,Hack-with-Github/Awesome-Hacking,4351
51071818,so-fancy/diff-so-fancy,so-fancy/diff-so-fancy,4347
74627617,commaai/openpilot,commaai/openpilot,4347
71732460,engineerapart/TheRemoteFreelancer,engineerapart/TheRemoteFreelancer,4343
45497910,apple/swift-evolution,apple/swift-evolution,4329
10057936,square/picasso,square/picasso,4321
9852918,TryGhost/Ghost,TryGhost/Ghost,4289
58157629,tensorflow/magenta,tensorflow/magenta,4286
12670444,petkaantonov/bluebird,petkaantonov/bluebird,4285
41058054,isocpp/CppCoreGuidelines,isocpp/CppCoreGuidelines,4279
46891997,brave/browser-laptop,brave/browser-laptop,4272
17803236,ncw/rclone,ncw/rclone,4262
69746176,noffle/art-of-readme,noffle/art-of-readme,4257
2609642,feathersjs/feathers,feathersjs/feathers,4248
22657662,wsargent/docker-cheat-sheet,wsargent/docker-cheat-sheet,4246
18049133,kenwheeler/slick,kenwheeler/slick,4245
15480067,react-bootstrap/react-bootstrap,react-bootstrap/react-bootstrap,4222
45261969,nickbutcher/plaid,nickbutcher/plaid,4217
47389445,google/seesaw,google/seesaw,4202
37246537,chenglou/react-motion,chenglou/react-motion,4200
38565895,gaearon/redux-devtools,gaearon/redux-devtools,4199
26516210,letsencrypt/letsencrypt,letsencrypt/letsencrypt,4198
50586840,mjmlio/mjml,mjmlio/mjml,4189
4710920,alibaba/dubbo,alibaba/dubbo,4188
18962767,ty4z2008/Qix,ty4z2008/Qix,4168
3432266,JetBrains/kotlin,JetBrains/kotlin,4166
62501752,metagrover/ES6-for-humans,metagrover/ES6-for-humans,4151
34275705,redox-os/redox,redox-os/redox,4143
61088333,a1studmuffin/SpaceshipGenerator,a1studmuffin/SpaceshipGenerator,4142
23069399,FezVrasta/bootstrap-material-design,FezVrasta/bootstrap-material-design,4138
14712850,syncthing/syncthing,syncthing/syncthing,4128
27835638,aurelia/framework,aurelia/framework,4116
51771596,VPenkov/okayNav,VPenkov/okayNav,4111
51184395,jayphelps/git-blame-someone-else,jayphelps/git-blame-someone-else,4111
31492490,NativeScript/NativeScript,NativeScript/NativeScript,4101
33895378,bevacqua/dragula,bevacqua/dragula,4091
44954997,autumnai/leaf,autumnai/leaf,4077
55434242,tensorflow/playground,tensorflow/playground,4063
1129010,blueimp/jQuery-File-Upload,blueimp/jQuery-File-Upload,4060
66682814,david-gpu/srez,david-gpu/srez,4052
51620349,storehouse/Advance,storehouse/Advance,4047
15062869,facebook/jest,facebook/jest,4043
4044891,realm/realm-cocoa,realm/realm-cocoa,4037
21234201,legomushroom/mojs,legomushroom/mojs,4030
55058317,reverse-shell/routersploit,reverse-shell/routersploit,4021
26689598,prakhar1989/awesome-courses,prakhar1989/awesome-courses,4018
59652928,akveo/ng2-admin,akveo/ng2-admin,4017
33263118,gorhill/uBlock,gorhill/uBlock,4017
14194174,alex/what-happens-when,alex/what-happens-when,4010
69828680,jgamblin/Mirai-Source-Code,jgamblin/Mirai-Source-Code,4008
7569578,discourse/discourse,discourse/discourse,4007
2862290,nostra13/Android-Universal-Image-Loader,nostra13/Android-Universal-Image-Loader,3995
65711522,baidu/Paddle,baidu/Paddle,3974
41673581,relax/relax,relax/relax,3969
60711512,GeniusVJR/LearningNotes,GeniusVJR/LearningNotes,3951
23736449,VincentGarreau/particles.js,VincentGarreau/particles.js,3947
13840241,Thibaut/devdocs,Thibaut/devdocs,3939
38934449,reactjs/react-redux,reactjs/react-redux,3939
3721224,nolimits4web/Swiper,nolimits4web/Swiper,3938
14705691,ziadoz/awesome-php,ziadoz/awesome-php,3932
63262178,dropbox/lepton,dropbox/lepton,3931
24812854,alsotang/node-lessons,alsotang/node-lessons,3929
995750,VundleVim/Vundle.vim,VundleVim/Vundle.vim,3928
26390092,deepstreamIO/deepstream.io,deepstreamIO/deepstream.io,3916
6093316,DefinitelyTyped/DefinitelyTyped,DefinitelyTyped/DefinitelyTyped,3912
34196200,keithwhor/nodal,keithwhor/nodal,3911
46077896,luruke/barba.js,luruke/barba.js,3903
36753839,nasa/openmct,nasa/openmct,3903
34088285,andlabs/libui,andlabs/libui,3886
15585444,IanLunn/Hover,IanLunn/Hover,3886
6838921,prometheus/prometheus,prometheus/prometheus,3884
11116372,keystonejs/keystone,keystonejs/keystone,3881
37448451,mattermost/platform,mattermost/platform,3878
25880891,facebook/flow,facebook/flow,3873
3431083,BradLarson/GPUImage,BradLarson/GPUImage,3873
20429943,numbbbbb/the-swift-programming-language-in-chinese,numbbbbb/the-swift-programming-language-in-chinese,3866
59010815,ElemeFE/mint-ui,ElemeFE/mint-ui,3863
12358097,hackiftekhar/IQKeyboardManager,hackiftekhar/IQKeyboardManager,3853
2700474,alibaba/fastjson,alibaba/fastjson,3848
3757512,balderdashy/sails,balderdashy/sails,3839
72155591,Jasonette/JASONETTE-iOS,Jasonette/JASONETTE-iOS,3839
23405758,google/leveldb,google/leveldb,3836
70671876,255kb/stack-on-a-budget,255kb/stack-on-a-budget,3831
10865436,dypsilon/frontend-dev-bookmarks,dypsilon/frontend-dev-bookmarks,3819
667006,videojs/video.js,videojs/video.js,3818
58753375,getlantern/forum,getlantern/forum,3813
10365411,yabwe/medium-editor,yabwe/medium-editor,3811
2541284,cheeriojs/cheerio,cheeriojs/cheerio,3807
57201844,danielzeller/Depth-LIB-Android-,danielzeller/Depth-LIB-Android-,3805
36674234,equinusocio/material-theme,equinusocio/material-theme,3796
11225014,coreos/etcd,coreos/etcd,3793
18044526,jlund/streisand,jlund/streisand,3789
3577919,astaxie/beego,astaxie/beego,3789
18477927,segmentio/nightmare,segmentio/nightmare,3780
5084750,chrisbanes/PhotoView,chrisbanes/PhotoView,3780
40013435,erikras/redux-form,erikras/redux-form,3779
44443578,gsdios/SDAutoLayout,gsdios/SDAutoLayout,3774
28751632,0xAX/linux-insides,0xAX/linux-insides,3769
64054478,Curzibn/Luban,Curzibn/Luban,3764
10309334,nswbmw/N-blog,nswbmw/N-blog,3734
45431898,bvaughn/react-virtualized,bvaughn/react-virtualized,3732
4084908,realm/realm-java,realm/realm-java,3728
45456804,jobbole/awesome-python-cn,jobbole/awesome-python-cn,3727
12820537,tripit/slate,tripit/slate,3726
20904437,gin-gonic/gin,gin-gonic/gin,3725
50418153,cht8687/You-Dont-Need-Lodash-Underscore,cht8687/You-Dont-Need-Lodash-Underscore,3724
21929029,yangyangwithgnu/hardseed,yangyangwithgnu/hardseed,3716
6256729,JacksonTian/fks,JacksonTian/fks,3712
26102180,afollestad/material-dialogs,afollestad/material-dialogs,3712
14734876,deeplearning4j/deeplearning4j,deeplearning4j/deeplearning4j,3709
21399598,angular/material,angular/material,3701
21265042,facebook/AsyncDisplayKit,facebook/AsyncDisplayKit,3697
1663468,mozilla/pdf.js,mozilla/pdf.js,3695
65411043,wulkano/kap,wulkano/kap,3693
3620194,select2/select2,select2/select2,3690
31558937,gravitational/teleport,gravitational/teleport,3688
7693799,angular-ui/ui-router,angular-ui/ui-router,3687
4037197,Valloric/YouCompleteMe,Valloric/YouCompleteMe,3685
61527215,krasimir/react-in-patterns,krasimir/react-in-patterns,3682
24841635,date-fns/date-fns,date-fns/date-fns,3680
349241,jashkenas/underscore,jashkenas/underscore,3680
321278,npm/npm,npm/npm,3678
15204860,papers-we-love/papers-we-love,papers-we-love/papers-we-love,3673
54621372,amznlabs/amazon-dsstne,amznlabs/amazon-dsstne,3661
33486016,onevcat/Kingfisher,onevcat/Kingfisher,3660
64762103,camwiegert/in-view,camwiegert/in-view,3657
47722514,callmecavs/bricks.js,callmecavs/bricks.js,3653
16072585,phoenixframework/phoenix,phoenixframework/phoenix,3650
18511024,google/web-starter-kit,google/web-starter-kit,3648
7741856,pixijs/pixi.js,pixijs/pixi.js,3645
40008106,MarshallOfSound/Google-Play-Music-Desktop-Player-UNOFFICIAL-,MarshallOfSound/Google-Play-Music-Desktop-Player-UNOFFICIAL-,3634
2935735,adobe/brackets,adobe/brackets,3634
73915307,samyk/poisontap,samyk/poisontap,3623
15019962,tldr-pages/tldr,tldr-pages/tldr,3619
22046023,facebook/flux,facebook/flux,3612
1607357,visionmedia/superagent,visionmedia/superagent,3611
23338716,JedWatson/react-select,JedWatson/react-select,3599
29397594,ssloy/tinyrenderer,ssloy/tinyrenderer,3592
44634390,schollz/find,schollz/find,3582
75566993,openai/universe,openai/universe,3581
57182702,aymericdamien/TopDeepLearning,aymericdamien/TopDeepLearning,3577
44111975,luin/medis,luin/medis,3576
18275356,facebook/pop,facebook/pop,3572
31504491,labstack/echo,labstack/echo,3570
7379964,chinchang/hint.css,chinchang/hint.css,3569
60630844,Microsoft/monaco-editor,Microsoft/monaco-editor,3569
52595226,xtaci/kcptun,xtaci/kcptun,3569
8686855,usablica/intro.js,usablica/intro.js,3565
7190986,shadowsocks/shadowsocks-android,shadowsocks/shadowsocks-android,3565
5532320,Polymer/polymer,Polymer/polymer,3550
49973176,Jam3/devtool,Jam3/devtool,3543
28513398,MengTo/Spring,MengTo/Spring,3543
42956467,herrbischoff/awesome-osx-command-line,herrbischoff/awesome-osx-command-line,3541
2096579,chjj/marked,chjj/marked,3537
35810174,chentsulin/electron-react-boilerplate,chentsulin/electron-react-boilerplate,3536
28699471,lukasz-madon/awesome-remote-job,lukasz-madon/awesome-remote-job,3536
74293321,sveltejs/svelte,sveltejs/svelte,3533
54460336,algolia/places,algolia/places,3528
66982675,sarcadass/granim.js,sarcadass/granim.js,3528
18347476,google/iosched,google/iosched,3520
6766558,Netflix/Hystrix,Netflix/Hystrix,3516
16587283,dmlc/xgboost,dmlc/xgboost,3511
13807606,junegunn/fzf,junegunn/fzf,3509
36860667,breakwa11/shadowsocks-rss,breakwa11/shadowsocks-rss,3506
2573058,zurb/foundation-sites,zurb/foundation-sites,3495
7874074,goldfire/howler.js,goldfire/howler.js,3493
36256540,css-modules/css-modules,css-modules/css-modules,3492
38603315,hiloteam/Hilo,hiloteam/Hilo,3490
2810455,ggreer/the_silver_searcher,ggreer/the_silver_searcher,3488
54808920,future-architect/vuls,future-architect/vuls,3485
9393759,photonstorm/phaser,photonstorm/phaser,3482
67588512,Instagram/IGListKit,Instagram/IGListKit,3470
54244176,Draveness/iOS-Source-Code-Analyze,Draveness/iOS-Source-Code-Analyze,3467
29759715,facebook/zstd,facebook/zstd,3460
51995332,philackm/Scrollable-GraphView,philackm/Scrollable-GraphView,3459
38366638,reactjs/reselect,reactjs/reselect,3457
61486207,open-source-society/data-science,open-source-society/data-science,3455
26568234,liaohuqiu/android-Ultra-Pull-To-Refresh,liaohuqiu/android-Ultra-Pull-To-Refresh,3449
42488903,aframevr/aframe,aframevr/aframe,3449
23062124,dcloudio/mui,dcloudio/mui,3433
1234714,elixir-lang/elixir,elixir-lang/elixir,3431
24297122,veggiemonk/awesome-docker,veggiemonk/awesome-docker,3430
18280236,GitbookIO/gitbook,GitbookIO/gitbook,3422
3390243,servo/servo,servo/servo,3416
53092757,Microsoft/BotBuilder,Microsoft/BotBuilder,3401
3774328,wg/wrk,wg/wrk,3399
65794292,styled-components/styled-components,styled-components/styled-components,3396
47656654,HunterLarco/voxel.css,HunterLarco/voxel.css,3395
481366,nvie/gitflow,nvie/gitflow,3391
54994103,FezVrasta/popper.js,FezVrasta/popper.js,3390
13142126,riot/riot,riot/riot,3388
873328,getsentry/sentry,getsentry/sentry,3388
15308499,RubaXa/Sortable,RubaXa/Sortable,3381
215047,jdg/MBProgressHUD,jdg/MBProgressHUD,3380
54664770,facebook/redex,facebook/redex,3379
8768406,postcss/autoprefixer,postcss/autoprefixer,3378
49910095,qutheory/vapor,qutheory/vapor,3372
75432091,kickstarter/ios-oss,kickstarter/ios-oss,3367
10064545,systemjs/systemjs,systemjs/systemjs,3367
46940449,sahat/megaboilerplate,sahat/megaboilerplate,3364
55626935,Microsoft/BashOnWindows,Microsoft/BashOnWindows,3362
18708860,tiimgreen/github-cheat-sheet,tiimgreen/github-cheat-sheet,3361
481872,mitchellh/vagrant,mitchellh/vagrant,3355
51452356,infinitered/ignite,infinitered/ignite,3352
49195986,henryboldi/felony,henryboldi/felony,3345
51094210,google/EarlGrey,google/EarlGrey,3342
60534669,simeji/jid,simeji/jid,3342
50668112,Hashnode/mern-starter,Hashnode/mern-starter,3340
4484451,amix/vimrc,amix/vimrc,3333
57602929,langhua9527/BlackheartedHospital,langhua9527/BlackheartedHospital,3330
45632603,reactjs/react-router-redux,reactjs/react-router-redux,3330
2281775,marcuswestin/WebViewJavascriptBridge,marcuswestin/WebViewJavascriptBridge,3326
49910095,vapor/vapor,vapor/vapor,3321
18964487,ruanyf/es6tutorial,ruanyf/es6tutorial,3317
32610336,orhanobut/logger,orhanobut/logger,3312
53321815,picturepan2/spectre,picturepan2/spectre,3304
20446799,dzenbot/DZNEmptyDataSet,dzenbot/DZNEmptyDataSet,3298
59720190,channelcat/sanic,channelcat/sanic,3295
42920477,sentsin/layui,sentsin/layui,3292
39785222,Droogans/unmaintainable-code,Droogans/unmaintainable-code,3291
27568975,Tim9Liu9/TimLiu-iOS,Tim9Liu9/TimLiu-iOS,3286
21600440,bayandin/awesome-awesomeness,bayandin/awesome-awesomeness,3285
7832932,markyun/My-blog,markyun/My-blog,3277
32531480,js-cookie/js-cookie,js-cookie/js-cookie,3276
1451352,mochajs/mocha,mochajs/mocha,3262
13767276,detailyang/awesome-cheatsheet,detailyang/awesome-cheatsheet,3254
25050844,Carthage/Carthage,Carthage/Carthage,3254
56690915,LittleFriendsGroup/AndroidSdkSourceAnalysis,LittleFriendsGroup/AndroidSdkSourceAnalysis,3253
62812261,kelseyhightower/kubernetes-the-hard-way,kelseyhightower/kubernetes-the-hard-way,3251
58482213,yoshuawuyts/choo,yoshuawuyts/choo,3250
47851629,howdyai/botkit,howdyai/botkit,3246
5373551,libgdx/libgdx,libgdx/libgdx,3236
790359,sequelize/sequelize,sequelize/sequelize,3232
48320384,danielquinn/paperless,danielquinn/paperless,3226
49084741,j-delaney/easy-application,j-delaney/easy-application,3217
7968417,google/dagger,google/dagger,3216
2246815,domnikl/DesignPatternsPHP,domnikl/DesignPatternsPHP,3211
39013909,gaearon/redux-thunk,gaearon/redux-thunk,3208
12779699,thx/RAP,thx/RAP,3198
1685764,dhg/Skeleton,dhg/Skeleton,3194
658518,ipython/ipython,ipython/ipython,3191
52728517,programthink/zhao,programthink/zhao,3187
7613257,SeleniumHQ/selenium,SeleniumHQ/selenium,3183
7240954,powerline/fonts,powerline/fonts,3182
1181927,bitcoin/bitcoin,bitcoin/bitcoin,3181
16899487,cloudson/gitql,cloudson/gitql,3180
56263501,cisco/ChezScheme,cisco/ChezScheme,3178
64635494,sachinchoolur/lightgallery.js,sachinchoolur/lightgallery.js,3178
734934,pugjs/pug,pugjs/pug,3168
54802321,thejameskyle/spectacle-code-slide,thejameskyle/spectacle-code-slide,3166
46653709,mortenjust/cleartext-mac,mortenjust/cleartext-mac,3166
63731800,facebookincubator/Keyframes,facebookincubator/Keyframes,3165
19757917,maxwellito/vivus,maxwellito/vivus,3163
52645453,jonsuh/hamburgers,jonsuh/hamburgers,3162
21561301,acgotaku/BaiduExporter,acgotaku/BaiduExporter,3161
70560609,airen/DemoHouse,airen/DemoHouse,3158
30120110,mikepenz/MaterialDrawer,mikepenz/MaterialDrawer,3157
958314,remy/nodemon,remy/nodemon,3152
15116946,vuejs/vue-router,vuejs/vue-router,3149
10851820,ramda/ramda,ramda/ramda,3145
52827329,fulldecent/system-bus-radio,fulldecent/system-bus-radio,3143
26516210,certbot/certbot,certbot/certbot,3142
58905085,rishabhp/bideo.js,rishabhp/bideo.js,3133
27574418,ryanoasis/nerd-fonts,ryanoasis/nerd-fonts,3130
34056623,forkingdog/UITableView-FDTemplateLayoutCell,forkingdog/UITableView-FDTemplateLayoutCell,3126
21402627,h4cc/awesome-elixir,h4cc/awesome-elixir,3125
56352157,reactotron/reactotron,reactotron/reactotron,3123
20818126,google/ExoPlayer,google/ExoPlayer,3122
13233158,jp9000/obs-studio,jp9000/obs-studio,3115
52598117,pyupio/statuspage,pyupio/statuspage,3111
17728164,hashicorp/terraform,hashicorp/terraform,3109
32157172,gfwlist/gfwlist,gfwlist/gfwlist,3108
42586612,cmusatyalab/openface,cmusatyalab/openface,3108
597879,Automattic/mongoose,Automattic/mongoose,3105
29749635,donnemartin/data-science-ipython-notebooks,donnemartin/data-science-ipython-notebooks,3101
20799673,kesenhoo/android-training-course-in-chinese,kesenhoo/android-training-course-in-chinese,3101
43482568,jobbole/awesome-java-cn,jobbole/awesome-java-cn,3098
317757,Modernizr/Modernizr,Modernizr/Modernizr,3098
21935031,fffaraz/awesome-cpp,fffaraz/awesome-cpp,3094
11276147,cmderdev/cmder,cmderdev/cmder,3094
52897468,kazzkiq/balloon.css,kazzkiq/balloon.css,3088
952189,jashkenas/backbone,jashkenas/backbone,3087
3482588,danielmiessler/SecLists,danielmiessler/SecLists,3078
619849,spf13/spf13-vim,spf13/spf13-vim,3076
11061773,eslint/eslint,eslint/eslint,3075
65364756,Xiao187/Cto,Xiao187/Cto,3069
65851975,yahoo/open_nsfw,yahoo/open_nsfw,3068
2055965,swagger-api/swagger-ui,swagger-api/swagger-ui,3062
48003886,tmrts/go-patterns,tmrts/go-patterns,3056
52422583,kyleneideck/BackgroundMusic,kyleneideck/BackgroundMusic,3048
58011499,airbnb/react-dates,airbnb/react-dates,3047
50972789,pkmital/tensorflow_tutorials,pkmital/tensorflow_tutorials,3044
40693501,ruanyf/webpack-demos,ruanyf/webpack-demos,3040
64065987,jgthms/web-design-in-4-minutes,jgthms/web-design-in-4-minutes,3039
9603240,yahoo/pure,yahoo/pure,3038
56582693,pavelgonchar/colornet,pavelgonchar/colornet,3033
35133520,MostlyAdequate/mostly-adequate-guide,MostlyAdequate/mostly-adequate-guide,3029
26820798,avajs/ava,avajs/ava,3027
68566550,alexflint/gallium,alexflint/gallium,3025
12732573,junegunn/vim-plug,junegunn/vim-plug,3021
62994219,antirez/kilo,antirez/kilo,3018
1064563,netty/netty,netty/netty,3015
10934235,snare/voltron,snare/voltron,3013
40416236,minimaxir/big-list-of-naughty-strings,minimaxir/big-list-of-naughty-strings,3013
46527265,collinhundley/Swift-AI,collinhundley/Swift-AI,3009
23301468,daimajia/AndroidSwipeLayout,daimajia/AndroidSwipeLayout,3007
6094683,angular-ui/bootstrap,angular-ui/bootstrap,3005
60325062,terryum/awesome-deep-learning-papers,terryum/awesome-deep-learning-papers,2996
538746,ruby/ruby,ruby/ruby,2995
49332125,viljamis/feature.js,viljamis/feature.js,2995
1614410,FFmpeg/FFmpeg,FFmpeg/FFmpeg,2994
24635156,t4t5/sweetalert,t4t5/sweetalert,2992
17107479,nolimits4web/Framework7,nolimits4web/Framework7,2991
49030451,GcsSloop/AndroidNote,GcsSloop/AndroidNote,2986
10518659,tj/co,tj/co,2985
55443397,bartobri/no-more-secrets,bartobri/no-more-secrets,2983
30675533,google/fonts,google/fonts,2979
21393871,sorrycc/awesome-javascript,sorrycc/awesome-javascript,2979
41359055,aksonov/react-native-router-flux,aksonov/react-native-router-flux,2978
51392574,redfin/react-server,redfin/react-server,2972
8257106,jessesquires/JSQMessagesViewController,jessesquires/JSQMessagesViewController,2969
16005410,hdodenhof/CircleImageView,hdodenhof/CircleImageView,2968
6887813,crystal-lang/crystal,crystal-lang/crystal,2966
66252037,DevLight-Mobile-Agency/InfiniteCycleViewPager,DevLight-Mobile-Agency/InfiniteCycleViewPager,2963
14125254,hashicorp/consul,hashicorp/consul,2963
68475958,nolanlawson/optimize-js,nolanlawson/optimize-js,2963
37153337,necolas/react-native-web,necolas/react-native-web,2959
30215630,go-kit/kit,go-kit/kit,2958
1580851,dimsemenov/PhotoSwipe,dimsemenov/PhotoSwipe,2957
48378947,fatedier/frp,fatedier/frp,2955
23783375,geekcompany/ResumeSample,geekcompany/ResumeSample,2953
62973876,arielf/weight-loss,arielf/weight-loss,2949
19872456,ReactTraining/react-router,ReactTraining/react-router,2945
35685034,oblador/react-native-vector-icons,oblador/react-native-vector-icons,2940
4578002,faif/python-patterns,faif/python-patterns,2940
39233228,timothycrosley/hug,timothycrosley/hug,2939
29078997,dotnet/roslyn,dotnet/roslyn,2937
59643097,Ramotion/expanding-collection,Ramotion/expanding-collection,2935
51420370,reactjs/react-router-tutorial,reactjs/react-router-tutorial,2925
45896779,jikexueyuanwiki/tensorflow-zh,jikexueyuanwiki/tensorflow-zh,2925
15267377,LeadDyno/intercooler-js,LeadDyno/intercooler-js,2924
32247847,ReactiveX/rxjs,ReactiveX/rxjs,2921
39840932,google/googletest,google/googletest,2921
17372733,OAI/OpenAPI-Specification,OAI/OpenAPI-Specification,2919
56163026,futurice/pepperoni-app-kit,futurice/pepperoni-app-kit,2913
54360307,uWebSockets/uWebSockets,uWebSockets/uWebSockets,2911
16722900,ipfs/ipfs,ipfs/ipfs,2910
68965673,Aufree/awesome-wechat-weapp,Aufree/awesome-wechat-weapp,2908
2626751,greenrobot/greenDAO,greenrobot/greenDAO,2904
2234102,bcit-ci/CodeIgniter,bcit-ci/CodeIgniter,2902
12104024,datasciencemasters/go,datasciencemasters/go,2898
43330374,xmartlabs/Eureka,xmartlabs/Eureka,2897
24420506,v8/v8,v8/v8,2890
54263833,Nightonke/BoomMenu,Nightonke/BoomMenu,2885
20105255,CoderMJLee/MJExtension,CoderMJLee/MJExtension,2885
15315789,Wox-launcher/Wox,Wox-launcher/Wox,2884
38460192,FormidableLabs/victory,FormidableLabs/victory,2884
64970925,PokemonGoMap/PokemonGo-Map,PokemonGoMap/PokemonGo-Map,2865
38836015,michalsnik/aos,michalsnik/aos,2865
6007295,fxsjy/jieba,fxsjy/jieba,2865
63648533,acdlite/react-fiber-architecture,acdlite/react-fiber-architecture,2863
5108051,opencv/opencv,opencv/opencv,2859
667561,Marak/faker.js,Marak/faker.js,2858
29703871,facebook/stetho,facebook/stetho,2858
35739817,horst3180/arc-theme,horst3180/arc-theme,2855
12488374,hzlzh/Best-App,hzlzh/Best-App,2854
76278501,kickstarter/android-oss,kickstarter/android-oss,2853
21779020,gaearon/react-hot-loader,gaearon/react-hot-loader,2842
33706598,reactnativecn/react-native-guide,reactnativecn/react-native-guide,2841
2540368,jaredhanson/passport,jaredhanson/passport,2836
2183193,Theano/Theano,Theano/Theano,2835
22067521,ocornut/imgui,ocornut/imgui,2834
6731432,koalaman/shellcheck,koalaman/shellcheck,2826
56396132,BradLarson/GPUImage2,BradLarson/GPUImage2,2822
22282353,ViccAlexander/Chameleon,ViccAlexander/Chameleon,2821
15367575,kristoferjoseph/flexboxgrid,kristoferjoseph/flexboxgrid,2821
2826918,robbiehanson/CocoaAsyncSocket,robbiehanson/CocoaAsyncSocket,2819
36487753,sdc-alibaba/SUI-Mobile,sdc-alibaba/SUI-Mobile,2818
19953044,google/flatbuffers,google/flatbuffers,2816
26195776,JedWatson/classnames,JedWatson/classnames,2815
75867720,wesbos/JavaScript30,wesbos/JavaScript30,2814
13677187,torch/torch7,torch/torch7,2807
12892446,madmalik/mononoki,madmalik/mononoki,2806
32775739,JakeWharton/RxBinding,JakeWharton/RxBinding,2803
17829481,fivethirtyeight/data,fivethirtyeight/data,2800
28452637,kennethreitz/records,kennethreitz/records,2799
43076202,hacksalot/HackMyResume,hacksalot/HackMyResume,2799
2329766,mathiasbynens/dotfiles,mathiasbynens/dotfiles,2798
3428345,ftlabs/fastclick,ftlabs/fastclick,2796
28704549,philipwalton/flexbugs,philipwalton/flexbugs,2791
62854365,kahopoon/Pokemon-Go-Controller,kahopoon/Pokemon-Go-Controller,2788
9325315,strongloop/loopback,strongloop/loopback,2786
14158237,copy/v86,copy/v86,2776
48843327,alexazhou/VeryNginx,alexazhou/VeryNginx,2774
69011367,davecheney/httpstat,davecheney/httpstat,2774
49623605,baidu-research/warp-ctc,baidu-research/warp-ctc,2773
56315715,GeekyAnts/NativeBase,GeekyAnts/NativeBase,2773
3602123,hammerjs/hammer.js,hammerjs/hammer.js,2772
7327188,PHPixie/Project,PHPixie/Project,2769
15078635,CISOfy/lynis,CISOfy/lynis,2765
760732,ccgus/fmdb,ccgus/fmdb,2765
2253830,PHPMailer/PHPMailer,PHPMailer/PHPMailer,2765
16089035,wekan/wekan,wekan/wekan,2765
61847006,Moeditor/Moeditor,Moeditor/Moeditor,2764
52701428,awentzonline/image-analogies,awentzonline/image-analogies,2763
20667410,raywenderlich/swift-style-guide,raywenderlich/swift-style-guide,2762
714074,pouchdb/pouchdb,pouchdb/pouchdb,2762
18611173,julianshapiro/velocity,julianshapiro/velocity,2759
64815511,commaai/research,commaai/research,2759
61253445,nayafia/lemonade-stand,nayafia/lemonade-stand,2757
1093228,cocos2d/cocos2d-x,cocos2d/cocos2d-x,2756
21641241,Masterminds/glide,Masterminds/glide,2756
53631945,BurntSushi/ripgrep,BurntSushi/ripgrep,2750
4793392,sqlmapproject/sqlmap,sqlmapproject/sqlmap,2748
55260959,aphyr/distsys-class,aphyr/distsys-class,2748
28340997,wasabeef/recyclerview-animators,wasabeef/recyclerview-animators,2747
48626335,vuejs/vue-cli,vuejs/vue-cli,2747
50807547,turbolinks/turbolinks,turbolinks/turbolinks,2745
48623558,chubin/wttr.in,chubin/wttr.in,2745
34798315,olistic/warriorjs,olistic/warriorjs,2743
64864962,alibaba/freeline,alibaba/freeline,2743
1481305,kennethreitz/python-guide,kennethreitz/python-guide,2742
45766550,MagicStack/uvloop,MagicStack/uvloop,2741
35732214,realm/SwiftLint,realm/SwiftLint,2739
1254497,codemirror/CodeMirror,codemirror/CodeMirror,2736
74494679,jgthms/css-reference,jgthms/css-reference,2735
48198706,dschep/ntfy,dschep/ntfy,2735
13753636,jhipster/generator-jhipster,jhipster/generator-jhipster,2735
46622323,oneuijs/You-Dont-Need-jQuery,oneuijs/You-Dont-Need-jQuery,2735
22132512,kaushikgopal/RxJava-Android-Samples,kaushikgopal/RxJava-Android-Samples,2733
45106382,wyouflf/xUtils3,wyouflf/xUtils3,2726
59032301,egorsmkv/google-spaces,egorsmkv/google-spaces,2726
61412022,ianstormtaylor/slate,ianstormtaylor/slate,2716
18673522,dingo/api,dingo/api,2715
5133949,swoole/swoole-src,swoole/swoole-src,2715
22553797,getgrav/grav,getgrav/grav,2712
26311302,matthew-andrews/isomorphic-fetch,matthew-andrews/isomorphic-fetch,2709
31524768,facebook/nuclide,facebook/nuclide,2709
4471940,johnno1962/injectionforxcode,johnno1962/injectionforxcode,2709
31929346,googlesamples/android-UniversalMusicPlayer,googlesamples/android-UniversalMusicPlayer,2707
3431193,yiisoft/yii2,yiisoft/yii2,2704
51646530,Vedenin/useful-java-links,Vedenin/useful-java-links,2699
1103607,jenkinsci/jenkins,jenkinsci/jenkins,2699
29843361,overtrue/wechat,overtrue/wechat,2695
38226908,nvdv/vprof,nvdv/vprof,2690
56271158,calebmer/postgraphql,calebmer/postgraphql,2689
20633857,dylang/npm-check,dylang/npm-check,2687
25310522,Hearst-DD/ObjectMapper,Hearst-DD/ObjectMapper,2684
37347459,Eloston/ungoogled-chromium,Eloston/ungoogled-chromium,2682
24977535,dutchcoders/transfer.sh,dutchcoders/transfer.sh,2681
48818677,denysdovhan/bash-handbook,denysdovhan/bash-handbook,2681
8900723,inconshreveable/ngrok,inconshreveable/ngrok,2680
1903522,php/php-src,php/php-src,2677
14812739,libuv/libuv,libuv/libuv,2672
63037806,tekezo/Karabiner-Elements,tekezo/Karabiner-Elements,2672
40010613,ChenYilong/iOSInterviewQuestions,ChenYilong/iOSInterviewQuestions,2671
54961145,DevLight-Mobile-Agency/NavigationTabBar,DevLight-Mobile-Agency/NavigationTabBar,2669
43443499,geeeeeeeeek/WeChatLuckyMoney,geeeeeeeeek/WeChatLuckyMoney,2666
16677706,kahun/awesome-sysadmin,kahun/awesome-sysadmin,2666
45485565,mattkrick/meatier,mattkrick/meatier,2664
19463625,jwilder/nginx-proxy,jwilder/nginx-proxy,2662
35015575,feross/webtorrent-desktop,feross/webtorrent-desktop,2660
2579314,fzaninotto/Faker,fzaninotto/Faker,2659
13124802,influxdata/influxdb,influxdata/influxdb,2657
9603714,alcatraz/Alcatraz,alcatraz/Alcatraz,2656
40786751,hotchemi/PermissionsDispatcher,hotchemi/PermissionsDispatcher,2654
2293158,rapid7/metasploit-framework,rapid7/metasploit-framework,2653
19158009,Soundnode/soundnode-app,Soundnode/soundnode-app,2651
36376183,react-toolbox/react-toolbox,react-toolbox/react-toolbox,2651
50842053,DreaminginCodeZH/Douya,DreaminginCodeZH/Douya,2650
75701562,miloyip/game-programmer,miloyip/game-programmer,2650
44926931,thejameskyle/babel-handbook,thejameskyle/babel-handbook,2648
40072159,dhamaniasad/awesome-postgres,dhamaniasad/awesome-postgres,2644
27388642,nfarina/homebridge,nfarina/homebridge,2637
458058,symfony/symfony,symfony/symfony,2634
43158694,twitter/heron,twitter/heron,2633
301742,tornadoweb/tornado,tornadoweb/tornado,2633
308770,plataformatec/devise,plataformatec/devise,2632
42489883,alibaba/AndFix,alibaba/AndFix,2630
23141830,paularmstrong/normalizr,paularmstrong/normalizr,2628
5625464,yyuu/pyenv,yyuu/pyenv,2627
41986369,pingcap/tidb,pingcap/tidb,2627
41258890,dthree/vorpal,dthree/vorpal,2626
26784827,dotnet/core,dotnet/core,2624
29946464,cymcsg/UltimateRecyclerView,cymcsg/UltimateRecyclerView,2623
26295345,dotnet/corefx,dotnet/corefx,2623
70454725,FormidableLabs/nodejs-dashboard,FormidableLabs/nodejs-dashboard,2622
1195004,angular/angular-seed,angular/angular-seed,2622
16096681,Laverna/laverna,Laverna/laverna,2622
5108051,Itseez/opencv,Itseez/opencv,2621
66013518,benhowdle89/grade,benhowdle89/grade,2619
38307428,graphql/graphql-js,graphql/graphql-js,2618
67268845,shu223/iOS-10-Sampler,shu223/iOS-10-Sampler,2613
26337322,rancher/rancher,rancher/rancher,2611
1801829,emberjs/ember.js,emberjs/ember.js,2609
27500243,googlei18n/libphonenumber,googlei18n/libphonenumber,2609
21552971,alebcay/awesome-shell,alebcay/awesome-shell,2607
14106970,tachyons-css/tachyons,tachyons-css/tachyons,2606
22607013,amazeui/amazeui,amazeui/amazeui,2606
73115219,googlesamples/md2googleslides,googlesamples/md2googleslides,2603
44869078,zalmoxisus/redux-devtools-extension,zalmoxisus/redux-devtools-extension,2600
15634981,godotengine/godot,godotengine/godot,2596
26820798,sindresorhus/ava,sindresorhus/ava,2595
75190475,deepmind/lab,deepmind/lab,2590
16549503,github/scientist,github/scientist,2589
46977130,wequick/Small,wequick/Small,2587
2278524,github/hubot,github/hubot,2585
23971425,dhamaniasad/HeadlessBrowsers,dhamaniasad/HeadlessBrowsers,2584
19919669,sentsin/layer,sentsin/layer,2579
40508605,facebook/relay,facebook/relay,2577
5362524,adobe-fonts/source-code-pro,adobe-fonts/source-code-pro,2576
43797718,acdlite/recompose,acdlite/recompose,2576
69371163,tawian/text-spinners,tawian/text-spinners,2570
29371034,micro/micro,micro/micro,2570
1579809,nicklockwood/iCarousel,nicklockwood/iCarousel,2569
32787812,gsdios/SDCycleScrollView,gsdios/SDCycleScrollView,2568
38344704,lzyzsd/Awesome-RxJava,lzyzsd/Awesome-RxJava,2567
108110,mongodb/mongo,mongodb/mongo,2566
58605580,garbles/why-did-you-update,garbles/why-did-you-update,2562
2700159,alibaba/druid,alibaba/druid,2555
17066884,binux/pyspider,binux/pyspider,2553
781028,node-inspector/node-inspector,node-inspector/node-inspector,2552
42849407,pengjianbo/GalleryFinal,pengjianbo/GalleryFinal,2546
3422939,enyo/dropzone,enyo/dropzone,2544
41624627,WhitestormJS/whitestorm.js,WhitestormJS/whitestorm.js,2543
887025,kriskowal/q,kriskowal/q,2538
48427914,lingochamp/FileDownloader,lingochamp/FileDownloader,2534
10567197,dokku/dokku,dokku/dokku,2531
66913302,reorx/httpstat,reorx/httpstat,2523
18440563,mxcl/PromiseKit,mxcl/PromiseKit,2522
12774825,HubSpot/pace,HubSpot/pace,2519
44998092,JohnCoates/Aerial,JohnCoates/Aerial,2519
21894635,quozd/awesome-dotnet,quozd/awesome-dotnet,2517
1213225,isagalaev/highlight.js,isagalaev/highlight.js,2517
48068902,electronicarts/EASTL,electronicarts/EASTL,2512
1538210,SVProgressHUD/SVProgressHUD,SVProgressHUD/SVProgressHUD,2510
46511887,searchkit/searchkit,searchkit/searchkit,2508
4467228,krisk/Fuse,krisk/Fuse,2503
12035487,Bilibili/DanmakuFlameMaster,Bilibili/DanmakuFlameMaster,2503
1028340,ajaxorg/ace,ajaxorg/ace,2502
50652359,relatedcode/ParseAlternatives,relatedcode/ParseAlternatives,2498
41592744,AllThingsSmitty/css-protips,AllThingsSmitty/css-protips,2496
571770,jgm/pandoc,jgm/pandoc,2496
43789644,yuche/vue-strap,yuche/vue-strap,2493
32969220,esp8266/Arduino,esp8266/Arduino,2491
8305060,top-think/think,top-think/think,2485
64085193,xviniette/FlappyLearning,xviniette/FlappyLearning,2484
13862381,DrKLO/Telegram,DrKLO/Telegram,2477
4702560,PHPOffice/PHPExcel,PHPOffice/PHPExcel,2477
35812923,kjw0612/awesome-deep-vision,kjw0612/awesome-deep-vision,2474
56679521,weibocom/motan,weibocom/motan,2472
28707589,Aufree/trip-to-iOS,Aufree/trip-to-iOS,2469
50328557,gongjianhui/AppleDNS,gongjianhui/AppleDNS,2466
60133112,airbnb/hypernova,airbnb/hypernova,2461
4524181,facebook/folly,facebook/folly,2459
48027844,ReSwift/ReSwift,ReSwift/ReSwift,2459
33742031,vasanthk/js-bits,vasanthk/js-bits,2459
59494640,enkidevs/commit,enkidevs/commit,2458
26481815,Ramotion/animated-tab-bar,Ramotion/animated-tab-bar,2456
35756351,nagadomi/waifu2x,nagadomi/waifu2x,2456
53017768,renzifeng/ZFPlayer,renzifeng/ZFPlayer,2454
53668878,Croteam-official/Serious-Engine,Croteam-official/Serious-Engine,2451
58236945,andremion/Music-Player,andremion/Music-Player,2451
49194672,banchichen/TZImagePickerController,banchichen/TZImagePickerController,2449
47422110,bartonhammond/snowflake,bartonhammond/snowflake,2448
924303,madrobby/zepto,madrobby/zepto,2447
32374513,pcqpcq/open-source-android-apps,pcqpcq/open-source-android-apps,2447
21113349,daimajia/AndroidViewAnimations,daimajia/AndroidViewAnimations,2442
36535156,rackt/redux,rackt/redux,2438
40638363,git-up/GitUp,git-up/GitUp,2434
65052980,vuejs/vue-hackernews-2.0,vuejs/vue-hackernews-2.0,2433
15328210,chrisjenx/Calligraphy,chrisjenx/Calligraphy,2432
13473768,driftyco/ionicons,driftyco/ionicons,2431
46461070,hongyangAndroid/AndroidAutoLayout,hongyangAndroid/AndroidAutoLayout,2429
55712773,HFTrader/DeepLearningBook,HFTrader/DeepLearningBook,2428
18355892,antoniolg/androidmvp,antoniolg/androidmvp,2428
16607898,drone/drone,drone/drone,2427
63189447,Mila432/Pokemon_Go_API,Mila432/Pokemon_Go_API,2425
15953199,HubSpot/youmightnotneedjquery,HubSpot/youmightnotneedjquery,2423
51350509,ZhyTeam/ZhyCore,ZhyTeam/ZhyCore,2421
32553922,hehonghui/android-tech-frontier,hehonghui/android-tech-frontier,2419
2371106,bbatsov/ruby-style-guide,bbatsov/ruby-style-guide,2417
63730796,mchristopher/PokemonGo-DesktopMap,mchristopher/PokemonGo-DesktopMap,2416
1223029,tj/n,tj/n,2415
32654500,mgechev/angular2-seed,mgechev/angular2-seed,2413
44498957,valyala/fasthttp,valyala/fasthttp,2409
26554,reddit/reddit,reddit/reddit,2408
44620036,typings/typings,typings/typings,2405
29031987,FormidableLabs/radium,FormidableLabs/radium,2405
4598984,FelisCatus/SwitchyOmega,FelisCatus/SwitchyOmega,2401
12244426,rstacruz/nprogress,rstacruz/nprogress,2401
12820537,lord/slate,lord/slate,2400
54308113,ybq/Android-SpinKit,ybq/Android-SpinKit,2399
68117034,ryanhoo/StylishMusicPlayer,ryanhoo/StylishMusicPlayer,2399
23865876,amfe/lib-flexible,amfe/lib-flexible,2397
16563587,cockroachdb/cockroach,cockroachdb/cockroach,2396
2500088,gitlabhq/gitlabhq,gitlabhq/gitlabhq,2395
51071818,stevemao/diff-so-fancy,stevemao/diff-so-fancy,2394
70261282,nothings/single_file_libs,nothings/single_file_libs,2393
33820955,timjacobi/angular2-education,timjacobi/angular2-education,2391
43279131,connors/photon,connors/photon,2388
19416551,sqlitebrowser/sqlitebrowser,sqlitebrowser/sqlitebrowser,2387
47120661,hirak/prestissimo,hirak/prestissimo,2385
57602929,open-power-workgroup/Hospital,open-power-workgroup/Hospital,2384
2888818,scala/scala,scala/scala,2382
54940914,jianliaoim/talk-os,jianliaoim/talk-os,2380
15150300,tobiasahlin/SpinKit,tobiasahlin/SpinKit,2377
57284932,IonicaBizau/scrape-it,IonicaBizau/scrape-it,2375
14187079,kevinzhow/PNChart,kevinzhow/PNChart,2374
1185279,OpenEmu/OpenEmu,OpenEmu/OpenEmu,2373
15642233,karpathy/convnetjs,karpathy/convnetjs,2372
15008072,sindresorhus/quick-look-plugins,sindresorhus/quick-look-plugins,2371
64355429,iview/iview,iview/iview,2367
59032201,Microsoft/malmo,Microsoft/malmo,2365
11507163,uikit/uikit,uikit/uikit,2362
58007306,larrynatalicio/15DaysofAnimationsinSwift,larrynatalicio/15DaysofAnimationsinSwift,2362
965782,chriso/validator.js,chriso/validator.js,2361
47394776,lerna/lerna,lerna/lerna,2354
43790903,Khan/aphrodite,Khan/aphrodite,2352
11621778,danialfarid/ng-file-upload,danialfarid/ng-file-upload,2345
36027077,karpathy/char-rnn,karpathy/char-rnn,2344
25427817,gaearon/react-dnd,gaearon/react-dnd,2344
56371551,dinuscxj/LoadingDrawable,dinuscxj/LoadingDrawable,2341
50063252,Miserlou/Zappa,Miserlou/Zappa,2340
1413492,defunkt/jquery-pjax,defunkt/jquery-pjax,2338
43098836,fisherman/fisherman,fisherman/fisherman,2337
6934395,facebook/rocksdb,facebook/rocksdb,2337
23652091,Yixiaohan/show-me-the-code,Yixiaohan/show-me-the-code,2337
43759462,ujjwalkarn/DataSciencePython,ujjwalkarn/DataSciencePython,2333
2567806,KnuffApp/Knuff,KnuffApp/Knuff,2332
11171548,nlohmann/json,nlohmann/json,2332
15975439,jlmakes/scrollreveal.js,jlmakes/scrollreveal.js,2330
63454075,iam4x/pokemongo-webspoof,iam4x/pokemongo-webspoof,2330
16630332,vuejs/vue-resource,vuejs/vue-resource,2329
75830968,exacity/deeplearningbook-chinese,exacity/deeplearningbook-chinese,2329
19745004,odoo/odoo,odoo/odoo,2325
56353740,kubernetes/minikube,kubernetes/minikube,2324
11446311,onevcat/VVDocumenter-Xcode,onevcat/VVDocumenter-Xcode,2322
19249835,google/WebFundamentals,google/WebFundamentals,2319
32484381,ripienaar/free-for-dev,ripienaar/free-for-dev,2318
37458410,kjw0612/awesome-rnn,kjw0612/awesome-rnn,2316